City_ID,City,Cloudiness,Country,Date,Humidity,Latitude,Longitude,Max Temp,Wind Speed
0,champerico,70.0,GT,1665343572.0,72.0,14.3,-91.9167,90.14,4.14
1,hilo,20.0,US,1665343572.0,67.0,19.7297,-155.09,87.28,5.01
2,yellowknife,75.0,CA,1665343572.0,87.0,62.456,-114.3525,46.92,15.01
3,kapaa,0.0,US,1665343573.0,67.0,22.0752,-159.319,81.1,1.01
4,bluff,100.0,NZ,1665343573.0,75.0,-46.6,168.3333,50.14,11.27
5,port blair,40.0,IN,1665343573.0,94.0,11.6667,92.75,77.04,2.3
6,gagino,65.0,RU,1665343574.0,76.0,55.2314,45.0339,48.81,9.93
7,kodiak,0.0,US,1665343574.0,43.0,57.79,-152.4072,49.51,16.11
8,carnarvon,0.0,AU,1665343574.0,74.0,-24.8667,113.6333,64.8,21.99
9,ushuaia,40.0,AR,1665343329.0,66.0,-54.8,-68.3,47.86,20.71
10,pevek,100.0,RU,1665343575.0,69.0,69.7008,170.3133,26.11,24.76
11,aklavik,75.0,CA,1665343575.0,87.0,68.2191,-135.0107,35.6,9.22
12,kavieng,98.0,PG,1665343392.0,67.0,-2.5744,150.7967,80.74,13.67
13,portland,0.0,US,1665343469.0,53.0,45.5234,-122.6762,81.46,5.01
14,upernavik,46.0,GL,1665343576.0,70.0,72.7868,-56.1549,16.12,5.46
15,boa vista,75.0,BR,1665343576.0,31.0,2.8197,-60.6733,94.98,8.05
16,puerto ayora,83.0,EC,1665343576.0,83.0,-0.7393,-90.3518,76.96,8.99
17,hithadhoo,100.0,MV,1665343577.0,77.0,-0.6,73.0833,81.36,15.05
18,rabak,0.0,SD,1665343577.0,65.0,13.1809,32.74,79.99,12.46
19,vigeland,54.0,NO,1665343578.0,83.0,58.0844,7.305,55.94,15.12
20,bredasdorp,100.0,ZA,1665343514.0,97.0,-34.5322,20.0403,59.11,7.38
21,avarua,75.0,CK,1665343578.0,73.0,-21.2078,-159.775,75.25,12.66
22,pemangkat,100.0,ID,1665343578.0,88.0,1.1667,108.9667,76.23,6.24
23,adrar,100.0,MR,1665343579.0,19.0,20.5022,-10.0711,95.63,4.21
24,rikitea,5.0,PF,1665343579.0,74.0,-23.1203,-134.9692,70.97,16.35
25,asau,100.0,RO,1665343579.0,85.0,46.4333,26.4,54.52,2.35
26,pavlohrad,100.0,UA,1665343580.0,72.0,48.5167,35.8667,61.59,2.13
27,touros,34.0,BR,1665343580.0,75.0,-5.1989,-35.4608,81.1,16.06
28,butaritari,27.0,KI,1665343581.0,71.0,3.0707,172.7902,81.88,17.16
29,nishihara,40.0,JP,1665343581.0,83.0,26.1842,127.7558,78.08,21.85
30,norman wells,75.0,CA,1665343582.0,76.0,65.282,-126.8329,46.44,5.75
31,albany,81.0,US,1665343582.0,51.0,42.6001,-73.9662,61.39,1.01
32,lata,100.0,PT,1665343582.0,75.0,40.1629,-8.3327,64.92,2.89
33,ponta do sol,81.0,PT,1665343583.0,53.0,32.6667,-17.1,71.01,4.85
34,katsuura,100.0,JP,1665343583.0,94.0,35.1333,140.3,65.19,4.03
35,mataura,100.0,NZ,1665343583.0,83.0,-46.1927,168.8643,45.63,4.25
36,punta arenas,0.0,CL,1665343315.0,50.0,-53.15,-70.9167,53.71,48.34
37,korla,0.0,CN,1665343584.0,25.0,41.7597,86.1469,56.17,4.92
38,vaini,100.0,TO,1665343584.0,94.0,-21.2,-175.2,73.56,11.5
39,kogon,0.0,UZ,1665343585.0,35.0,39.7228,64.5517,57.24,11.5
40,cherskiy,100.0,RU,1665343585.0,92.0,68.75,161.3,19.47,17.22
41,saint-pierre,0.0,RE,1665343585.0,73.0,-21.3393,55.4781,67.91,5.75
42,busselton,100.0,AU,1665343586.0,82.0,-33.65,115.3333,54.79,10.36
43,saskylakh,99.0,RU,1665343586.0,93.0,71.9167,114.0833,4.21,7.05
44,victoria,66.0,HK,1665343313.0,63.0,22.2855,114.1577,74.25,18.99
45,ahipara,100.0,NZ,1665343592.0,77.0,-35.1667,173.1667,57.81,8.52
46,umm lajj,0.0,SA,1665343592.0,64.0,25.0213,37.2685,83.01,11.95
47,farafangana,0.0,MG,1665343592.0,79.0,-22.8167,47.8333,68.9,9.55
48,port alfred,91.0,ZA,1665343593.0,88.0,-33.5906,26.891,64.18,5.57
49,vila franca do campo,25.0,PT,1665343593.0,85.0,37.7167,-25.4333,76.19,6.04
50,puerto leguizamo,82.0,CO,1665343593.0,39.0,-0.1934,-74.7819,94.69,0.4
51,bocaiuva,91.0,BR,1665343594.0,38.0,-17.1078,-43.815,94.71,7.72
52,nsanje,0.0,MW,1665343594.0,50.0,-16.92,35.262,82.56,6.76
53,salalah,99.0,OM,1665343595.0,70.0,17.0151,54.0924,76.37,1.36
54,roald,40.0,NO,1665343595.0,51.0,62.5833,6.1333,58.33,19.57
55,aksu,14.0,CN,1665343595.0,31.0,41.1231,80.2644,58.39,3.85
56,arraial do cabo,71.0,BR,1665343596.0,78.0,-22.9661,-42.0278,78.66,16.11
57,nanortalik,100.0,GL,1665343596.0,94.0,60.1432,-45.2371,38.41,17.0
58,kununurra,91.0,AU,1665343596.0,88.0,-15.7667,128.7333,75.18,2.3
59,rundu,3.0,,1665343597.0,15.0,-17.9333,19.7667,74.95,6.91
60,san cristobal,72.0,VE,1665343597.0,79.0,7.7669,-72.225,75.38,3.33
61,qaanaaq,69.0,GL,1665343587.0,72.0,77.484,-69.3632,9.54,10.27
62,mar del plata,40.0,AR,1665343517.0,67.0,-38.0023,-57.5575,55.42,11.5
63,yeppoon,50.0,AU,1665343497.0,87.0,-23.1333,150.7333,65.98,8.14
64,severo-kurilsk,80.0,RU,1665343598.0,77.0,50.6789,156.125,44.73,17.18
65,tuktoyaktuk,75.0,CA,1665343598.0,93.0,69.4541,-133.0374,37.4,3.44
66,macapa,40.0,BR,1665343598.0,55.0,0.0389,-51.0664,94.98,13.8
67,xining,100.0,CN,1665343599.0,44.0,36.6167,101.7667,37.8,0.85
68,nantucket,2.0,US,1665343571.0,65.0,41.2835,-70.0995,60.85,25.28
69,airai,100.0,TL,1665343599.0,81.0,-8.9266,125.4092,60.82,2.39
70,lebu,0.0,CL,1665343600.0,64.0,-37.6167,-73.65,51.76,24.85
71,ancud,4.0,CL,1665343600.0,63.0,-41.8697,-73.8203,51.1,10.96
72,neustadt,75.0,DE,1665343600.0,79.0,49.7117,12.0872,49.69,0.0
73,provideniya,60.0,RU,1665343601.0,65.0,64.3833,-173.3,31.37,9.17
74,sitka,100.0,US,1665343601.0,100.0,57.0531,-135.33,57.09,18.41
75,paranagua,100.0,BR,1665343601.0,84.0,-25.52,-48.5092,69.03,7.07
76,dhidhdhoo,100.0,MV,1665343602.0,83.0,6.8833,73.1,80.13,13.91
77,karratha,5.0,AU,1665343602.0,62.0,-20.7377,116.8463,72.3,11.23
78,mwene-ditu,89.0,CD,1665343602.0,46.0,-7.0,23.45,72.7,2.26
79,kieta,93.0,PG,1665343603.0,77.0,-6.2167,155.6333,76.3,1.43
80,conceicao do araguaia,53.0,BR,1665343437.0,26.0,-8.2578,-49.2647,99.77,4.59
81,gilgit,0.0,PK,1665343603.0,33.0,35.9221,74.3087,66.6,1.86
82,ayan,100.0,RU,1665343604.0,53.0,56.45,138.1667,33.39,5.39
83,amboasary,0.0,MG,1665343604.0,48.0,-25.0333,46.3833,77.83,1.57
84,georgetown,20.0,MY,1665343604.0,86.0,5.4112,100.3354,79.9,0.0
85,khatanga,32.0,RU,1665343605.0,93.0,71.9667,102.5,0.66,3.53
86,pathein,100.0,MM,1665343605.0,91.0,16.7833,94.7333,75.9,2.86
87,komsomolskiy,79.0,UZ,1665343605.0,50.0,40.4272,71.7189,56.12,6.91
88,bethel,0.0,US,1665343606.0,52.0,41.3712,-73.414,64.35,10.36
89,hermanus,100.0,ZA,1665343606.0,83.0,-34.4187,19.2345,62.8,12.06
90,athabasca,100.0,CA,1665343606.0,33.0,54.7169,-113.2854,66.61,8.48
91,praia da vitoria,75.0,PT,1665343612.0,88.0,38.7333,-27.0667,73.76,13.67
92,jamestown,100.0,US,1665343612.0,40.0,42.097,-79.2353,59.02,10.36
93,kijang,95.0,KR,1665343612.0,78.0,35.2442,129.2139,58.73,11.83
94,sao filipe,15.0,CV,1665343613.0,74.0,14.8961,-24.4956,78.42,11.41
95,mecca,0.0,SA,1665343613.0,54.0,21.4267,39.8261,85.84,3.04
96,hobart,20.0,AU,1665343581.0,86.0,-42.8794,147.3294,44.46,9.22
97,dingzhou,0.0,CN,1665343613.0,31.0,38.5131,114.9956,37.51,6.87
98,dikson,100.0,RU,1665343614.0,95.0,73.5069,80.5464,32.56,19.01
99,canaries,75.0,ES,1665343614.0,73.0,28.0,-15.5,67.96,23.02
100,tilichiki,100.0,RU,1665343614.0,70.0,60.4667,166.1,31.46,4.0
101,fort walton beach,40.0,US,1665343615.0,28.0,30.4058,-86.6188,82.87,11.5
102,chokurdakh,100.0,RU,1665343615.0,93.0,70.6333,147.9167,18.09,11.95
103,muros,100.0,ES,1665343615.0,90.0,42.7762,-9.0603,61.09,9.4
104,clyde river,100.0,CA,1665343616.0,86.0,70.4692,-68.5914,21.43,9.22
105,kampong chhnang,100.0,KH,1665343616.0,97.0,12.1667,104.55,74.34,3.56
106,sarangani,31.0,PH,1665343398.0,69.0,5.4033,125.4636,82.76,3.47
107,rio cuarto,0.0,AR,1665343616.0,12.0,-33.1307,-64.3499,68.67,8.05
108,new norfolk,53.0,AU,1665343617.0,72.0,-42.7826,147.0587,44.1,3.4
109,esperance,100.0,AU,1665343617.0,87.0,-33.8667,121.9,57.31,6.42
110,halchiu,18.0,RO,1665343617.0,94.0,45.7667,25.55,55.45,2.89
111,baruun-urt,0.0,MN,1665343329.0,49.0,46.6806,113.2792,25.56,5.61
112,srednekolymsk,92.0,RU,1665343618.0,73.0,67.45,153.6833,16.75,10.74
113,montepuez,0.0,MZ,1665343618.0,61.0,-13.1256,38.9997,71.37,7.52
114,kattivakkam,100.0,IN,1665343618.0,79.0,13.2167,80.3167,82.49,5.41
115,atuona,4.0,PF,1665343619.0,68.0,-9.8,-139.0333,76.86,18.43
116,saint-philippe,0.0,RE,1665343619.0,76.0,-21.3585,55.7679,67.59,11.92
117,hovd,100.0,MN,1665343619.0,34.0,48.0056,91.6419,37.56,3.4
118,acolla,92.0,PE,1665343620.0,41.0,-11.7319,-75.5463,63.09,11.81
119,guerrero negro,3.0,MX,1665343568.0,65.0,27.9769,-114.0611,76.98,11.5
120,laguna,0.0,US,1665343620.0,50.0,38.421,-121.4238,89.08,4.61
121,coihaique,40.0,CL,1665343620.0,47.0,-45.5752,-72.0662,53.55,6.91
122,arman,38.0,RU,1665343621.0,88.0,59.7,150.1667,22.84,3.65
123,palora,99.0,EC,1665343621.0,58.0,-1.7,-77.9333,82.51,5.5
124,kruisfontein,100.0,ZA,1665343622.0,79.0,-34.0033,24.7314,63.88,1.05
125,ko samui,100.0,TH,1665343373.0,78.0,9.5357,99.9357,81.45,9.46
126,lazaro cardenas,4.0,MX,1665343622.0,64.0,17.9583,-102.2,86.79,5.97
127,santa cruz de tenerife,20.0,ES,1665343622.0,86.0,28.4682,-16.2546,73.89,8.05
128,vardo,0.0,NO,1665343623.0,75.0,70.3705,31.1107,42.78,26.46
129,la rioja,71.0,ES,1665343623.0,58.0,42.25,-2.5,60.58,6.2
130,nadym,100.0,RU,1665343623.0,90.0,65.5333,72.5167,43.74,17.63
131,hasaki,100.0,JP,1665343624.0,91.0,35.7333,140.8333,59.4,7.36
132,wilmington,0.0,US,1665343514.0,52.0,34.2257,-77.9447,75.85,9.22
133,bengkulu,100.0,ID,1665343624.0,88.0,-3.8004,102.2655,75.63,3.53
134,namatanai,100.0,PG,1665343625.0,70.0,-3.6667,152.4333,77.09,7.11
135,waddan,0.0,LY,1665343625.0,35.0,29.1614,16.139,75.88,7.78
136,mahebourg,75.0,MU,1665343631.0,73.0,-20.4081,57.7,72.25,10.36
137,kaduqli,100.0,SD,1665343631.0,84.0,11.0167,29.7167,74.1,4.45
138,yining,16.0,CN,1665343631.0,73.0,29.0361,114.5636,46.27,1.21
139,kings mountain,75.0,US,1665343632.0,50.0,35.2451,-81.3412,66.72,4.61
140,biltine,78.0,TD,1665343632.0,40.0,14.5333,20.9167,88.2,6.89
141,araouane,7.0,ML,1665343632.0,11.0,18.9048,-3.5265,97.39,6.55
142,castro,98.0,BR,1665343633.0,55.0,-24.7911,-50.0119,76.64,5.39
143,high prairie,100.0,CA,1665343633.0,41.0,55.4334,-116.4858,64.74,10.04
144,husavik,100.0,IS,1665343633.0,98.0,66.0449,-17.3389,36.48,41.63
145,san luis,0.0,AR,1665343603.0,11.0,-33.295,-66.3356,67.15,5.32
146,fortuna,20.0,US,1665343634.0,100.0,40.5982,-124.1573,58.12,9.22
147,laurens,31.0,US,1665343634.0,57.0,32.4502,-82.9165,82.89,2.13
148,saldanha,100.0,ZA,1665343634.0,87.0,-33.0117,17.9442,62.65,16.44
149,todos santos,0.0,MX,1665343635.0,72.0,23.45,-110.2167,93.31,8.21
150,gat,0.0,IL,1665343454.0,58.0,31.61,34.7642,72.28,6.04
151,nueva helvecia,1.0,UY,1665343635.0,26.0,-34.3,-57.2333,63.59,8.08
152,atbasar,13.0,KZ,1665343636.0,69.0,51.8,68.3333,41.97,6.62
153,pangody,100.0,RU,1665343636.0,93.0,65.85,74.4859,41.83,14.76
154,bambous virieux,75.0,MU,1665343636.0,73.0,-20.3428,57.7575,72.21,10.36
155,namibe,29.0,AO,1665343637.0,85.0,-15.1961,12.1522,68.92,5.35
156,angoche,0.0,MZ,1665343637.0,79.0,-16.2325,39.9086,76.6,10.69
157,mitu,100.0,CO,1665343637.0,49.0,1.1983,-70.1733,89.85,0.25
158,monywa,12.0,MM,1665343638.0,83.0,22.1167,95.1333,80.06,0.63
159,naze,48.0,JP,1665343638.0,77.0,28.3667,129.4833,72.52,13.53
160,uvarovo,100.0,RU,1665343638.0,68.0,51.9849,42.2615,52.02,7.29
161,barrow,100.0,US,1665343639.0,93.0,71.2906,-156.7887,30.22,4.61
162,comodoro rivadavia,0.0,AR,1665343639.0,18.0,-45.8667,-67.5,67.86,16.11
163,inhambane,0.0,MZ,1665343639.0,94.0,-23.865,35.3833,75.18,6.91
164,lagoa,0.0,PT,1665343640.0,93.0,39.05,-27.9833,70.65,12.28
165,novopokrovka,100.0,UA,1665343640.0,72.0,49.8425,36.5477,59.25,2.1
166,voh,91.0,NC,1665343640.0,77.0,-20.9667,164.7,74.19,5.23
167,coahuayana,4.0,MX,1665343641.0,54.0,18.7333,-103.6833,91.04,4.38
168,balkhash,6.0,KZ,1665343641.0,56.0,46.844,74.9804,46.81,8.95
169,sur,5.0,OM,1665343641.0,66.0,22.5667,59.5289,80.15,0.58
170,starodub,100.0,RU,1665343642.0,98.0,52.5844,32.7633,48.9,6.87
171,san quintin,6.0,MX,1665343642.0,71.0,30.4833,-115.95,74.25,10.78
172,faya,0.0,SA,1665343642.0,24.0,18.3851,42.4509,64.92,7.49
173,sao felix do xingu,67.0,BR,1665343643.0,27.0,-6.6447,-51.995,97.59,10.65
174,bac lieu,77.0,VN,1665343643.0,86.0,9.285,105.7244,77.49,2.1
175,marawi,85.0,PH,1665343643.0,92.0,7.9986,124.2928,68.74,2.24
176,constitucion,0.0,CL,1665343644.0,44.0,-35.3333,-72.4167,62.01,17.43
177,san patricio,66.0,US,1665343644.0,42.0,28.017,-97.5169,91.35,14.38
178,richards bay,100.0,ZA,1665343644.0,83.0,-28.783,32.0377,72.25,18.77
179,nikolskoye,0.0,RU,1665343645.0,88.0,59.7035,30.7861,46.8,6.6
180,la baneza,100.0,ES,1665343645.0,41.0,42.3003,-5.8977,68.68,7.29
181,tarakeswar,70.0,IN,1665343646.0,92.0,22.885,88.0172,77.31,5.7
182,puerto colombia,100.0,CO,1665343646.0,74.0,10.9878,-74.9547,86.09,4.34
183,faanui,4.0,PF,1665343646.0,73.0,-16.4833,-151.75,78.6,18.92
184,ribeira grande,40.0,PT,1665343652.0,88.0,38.5167,-28.7,74.77,10.36
185,san rafael,0.0,AR,1665343652.0,11.0,-34.6177,-68.3301,66.6,14.99
186,tuatapere,100.0,NZ,1665343652.0,79.0,-46.1333,167.6833,50.81,7.76
187,cape town,0.0,ZA,1665343477.0,74.0,-33.9258,18.4232,68.41,16.11
188,walvis bay,99.0,,1665343653.0,90.0,-22.9575,14.5053,58.82,5.97
189,shimoda,100.0,JP,1665343653.0,92.0,34.6667,138.95,61.11,10.47
190,taltal,24.0,CL,1665343654.0,69.0,-25.4,-70.4833,60.33,5.28
191,sayyan,3.0,YE,1665343654.0,25.0,15.1718,44.3244,60.6,6.42
192,cidreira,100.0,BR,1665343654.0,52.0,-30.1811,-50.2056,59.07,10.69
193,cap malheureux,87.0,MU,1665343655.0,70.0,-19.9842,57.6142,72.46,7.0
194,aguimes,75.0,ES,1665343655.0,73.0,27.9054,-15.4461,72.23,23.02
195,lorengau,87.0,PG,1665343655.0,72.0,-2.0226,147.2712,80.15,9.4
196,mugur-aksy,100.0,RU,1665343655.0,43.0,50.35,90.5,35.06,6.02
197,kaitangata,100.0,NZ,1665343656.0,81.0,-46.2817,169.8464,46.53,4.54
198,pangnirtung,75.0,CA,1665343656.0,64.0,66.1451,-65.7125,30.2,5.75
199,port hardy,100.0,CA,1665343656.0,100.0,50.6996,-127.4199,50.18,4.61
200,sivaki,23.0,RU,1665343657.0,65.0,52.6333,126.75,26.29,4.25
201,podgorica,0.0,ME,1665343657.0,82.0,42.4411,19.2636,58.78,4.61
202,bathsheba,40.0,BB,1665343658.0,79.0,13.2167,-59.5167,84.81,9.22
203,maceio,40.0,BR,1665343658.0,74.0,-9.6658,-35.7353,81.84,17.27
204,chuy,95.0,UY,1665343658.0,52.0,-33.6971,-53.4616,57.29,10.22
205,luderitz,87.0,,1665343659.0,67.0,-26.6481,15.1594,65.25,2.48
206,alcudia,0.0,ES,1665343659.0,72.0,39.8532,3.1214,71.2,4.23
207,thompson,75.0,CA,1665343499.0,43.0,55.7435,-97.8558,51.96,5.75
208,new glasgow,22.0,CA,1665343660.0,43.0,45.5834,-62.6486,56.79,12.66
209,lavrentiya,8.0,RU,1665343660.0,61.0,65.5833,-171.0,28.04,8.46
210,antalaha,34.0,MG,1665343660.0,82.0,-14.9003,50.2788,66.83,8.41
211,sibu,40.0,MY,1665343450.0,100.0,2.3,111.8167,75.51,2.3
212,rocha,59.0,UY,1665343661.0,50.0,-34.4833,-54.3333,55.09,15.39
213,killybegs,65.0,IE,1665343662.0,66.0,54.6333,-8.45,53.31,20.42
214,palmares do sul,100.0,BR,1665343362.0,53.0,-30.2578,-50.5097,58.62,9.48
215,birjand,0.0,IR,1665343662.0,11.0,32.8663,59.2211,50.47,6.91
216,port elizabeth,75.0,ZA,1665343662.0,90.0,-33.918,25.5701,66.09,4.61
217,ilanskiy,93.0,RU,1665343663.0,88.0,56.2358,96.065,37.38,4.85
218,tautira,37.0,PF,1665343663.0,75.0,-17.7333,-149.15,77.04,13.49
219,pisco,0.0,PE,1665343505.0,72.0,-13.7,-76.2167,66.02,9.22
220,tateyama,100.0,JP,1665343663.0,91.0,34.9833,139.8667,65.26,5.64
221,pombas,91.0,CV,1665343664.0,73.0,17.1503,-25.0201,78.58,12.12
222,marystown,0.0,CA,1665343664.0,61.0,47.1666,-55.1483,53.22,12.88
223,aranos,4.0,,1665343664.0,13.0,-24.1333,19.1167,78.26,11.79
224,yumen,0.0,CN,1665343665.0,19.0,40.2833,97.2,38.53,5.26
225,harper,0.0,LR,1665343665.0,86.0,4.375,-7.7169,77.59,5.06
226,acarau,29.0,BR,1665343665.0,69.0,-2.8856,-40.12,83.75,23.0
227,arsikere,100.0,IN,1665343666.0,86.0,13.3139,76.2561,71.53,3.85
228,naryan-mar,100.0,RU,1665343666.0,81.0,67.6713,53.087,43.74,15.84
229,saint george,0.0,US,1665343671.0,29.0,37.1041,-113.5841,82.8,4.0
230,aqtobe,0.0,KZ,1665343672.0,80.0,50.2797,57.2072,33.89,2.24
231,basco,100.0,PH,1665343672.0,77.0,20.4487,121.9702,82.08,24.05
232,keizer,0.0,US,1665343672.0,45.0,44.9901,-123.0262,80.69,4.61
233,cabo san lucas,0.0,MX,1665343413.0,51.0,22.8909,-109.9124,96.1,6.91
234,itoman,75.0,JP,1665343673.0,81.0,26.1247,127.6694,78.82,21.85
235,sibolga,100.0,ID,1665343673.0,84.0,1.7427,98.7792,76.42,2.44
236,primo tapia,26.0,MX,1665343674.0,68.0,32.22,-116.9172,74.95,10.09
237,bratsk,98.0,RU,1665343674.0,84.0,56.1325,101.6142,39.69,3.71
238,kirovskiy,100.0,RU,1665343674.0,78.0,45.0917,133.5136,42.96,6.17
239,codrington,100.0,AU,1665343675.0,87.0,-38.2667,141.9667,40.14,6.22
240,tibati,100.0,CM,1665343675.0,92.0,6.4667,12.6333,68.85,0.25
241,svetlyy,27.0,RU,1665343675.0,79.0,54.675,20.1347,42.85,5.88
242,antofagasta,8.0,CL,1665343676.0,69.0,-23.65,-70.4,60.08,8.5
243,senanga,0.0,ZM,1665343676.0,20.0,-16.1167,23.2667,75.47,8.59
244,venado,90.0,MX,1665343676.0,61.0,22.9333,-101.0833,66.69,9.95
245,quatre cocos,77.0,MU,1665343676.0,68.0,-20.2078,57.7625,72.09,12.57
246,farah,0.0,AF,1665343677.0,12.0,32.5,62.5,59.85,1.52
247,algiers,40.0,DZ,1665343425.0,64.0,36.7525,3.042,71.42,4.61
248,port hawkesbury,0.0,CA,1665343677.0,48.0,45.6169,-61.3485,58.12,10.36
249,havoysund,98.0,NO,1665343678.0,81.0,70.9963,24.6622,44.83,30.02
250,omsukchan,100.0,RU,1665343678.0,85.0,62.5333,155.8,6.37,3.11
251,abu samrah,0.0,SY,1665343678.0,61.0,35.3029,37.1841,66.29,7.52
252,sao joao da barra,69.0,BR,1665343678.0,81.0,-21.6403,-41.0511,78.89,16.53
253,sovetskiy,100.0,RU,1665343679.0,83.0,61.3614,63.5842,46.29,8.63
254,gallup,100.0,US,1665343679.0,82.0,35.5281,-108.7426,63.36,9.22
255,najran,6.0,SA,1665343680.0,20.0,17.4924,44.1277,72.5,3.36
256,noumea,100.0,NC,1665343680.0,83.0,-22.2763,166.4572,69.78,10.96
257,clarence town,98.0,AU,1665343680.0,89.0,-32.5833,151.7833,56.86,0.56
258,tiksi,71.0,RU,1665343680.0,95.0,71.6872,128.8694,11.84,8.19
259,jasper,40.0,US,1665343681.0,36.0,37.2001,-94.3502,77.45,13.8
260,kilindoni,8.0,TZ,1665343681.0,68.0,-7.9139,39.6668,76.44,14.03
261,kayerkan,100.0,RU,1665343682.0,100.0,69.3497,87.7602,33.53,6.91
262,puerto penasco,25.0,MX,1665343682.0,57.0,31.3167,-113.5333,83.91,10.0
263,gyorszemere,99.0,HU,1665343682.0,51.0,47.5526,17.5636,48.2,1.72
264,kushiro,100.0,JP,1665343683.0,78.0,42.975,144.3747,56.08,13.78
265,niquero,87.0,CU,1665343683.0,65.0,20.0431,-77.5828,85.86,2.19
266,soe,17.0,ID,1665343683.0,83.0,-9.8607,124.284,68.23,3.71
267,goderich,99.0,CA,1665343684.0,62.0,43.7501,-81.7165,57.9,8.05
268,ilulissat,75.0,GL,1665343684.0,46.0,69.2167,-51.1,24.82,12.66
269,iqaluit,75.0,CA,1665343684.0,69.0,63.7506,-68.5145,31.73,13.8
270,amambai,11.0,BR,1665343685.0,69.0,-23.1042,-55.2258,75.69,7.99
271,khalkhal,45.0,IR,1665343685.0,42.0,37.6189,48.5258,58.62,4.25
272,forestville,0.0,US,1665343500.0,40.0,38.8451,-76.875,65.19,12.66
273,buala,98.0,SB,1665343512.0,78.0,-8.145,159.5921,78.84,2.91
274,amberieu-en-bugey,99.0,FR,1665343601.0,84.0,45.9589,5.3432,64.38,5.5
275,jumla,100.0,NP,1665343686.0,97.0,29.2747,82.1838,53.56,3.09
276,pontianak,75.0,ID,1665343686.0,100.0,-0.0333,109.3333,73.38,2.3
277,kenai,100.0,US,1665343446.0,94.0,60.5544,-151.2583,45.14,6.91
278,talnakh,100.0,RU,1665343687.0,99.0,69.4865,88.3972,34.21,7.65
279,ler,8.0,SS,1665343692.0,88.0,8.3018,30.1418,72.32,2.62
280,geraldton,40.0,AU,1665343672.0,82.0,-28.7667,114.6,61.21,6.91
281,leningradskiy,76.0,RU,1665343692.0,74.0,69.3833,178.4167,15.26,15.32
282,ranong,100.0,TH,1665343693.0,90.0,9.9658,98.6348,76.03,3.62
283,yuanping,0.0,CN,1665343693.0,37.0,38.7153,112.7575,33.98,2.95
284,manggar,100.0,ID,1665343693.0,85.0,-2.8833,108.2667,77.7,9.84
285,shingu,100.0,JP,1665343694.0,91.0,33.7333,135.9833,67.64,2.33
286,kavaratti,100.0,IN,1665343694.0,79.0,10.5669,72.642,80.8,7.02
287,maromitsa,100.0,RU,1665343695.0,91.0,59.8683,48.0123,48.34,8.68
288,inuvik,75.0,CA,1665343695.0,87.0,68.3499,-133.7218,39.96,1.14
289,chaman,0.0,PK,1665343695.0,7.0,30.9236,66.4512,60.89,3.18
290,tiarei,19.0,PF,1665343696.0,75.0,-17.5333,-149.3333,80.62,14.94
291,bosaso,70.0,SO,1665343696.0,55.0,11.2842,49.1816,82.0,4.29
292,acapulco,75.0,MX,1665343696.0,79.0,16.8634,-99.8901,85.82,11.5
293,talovaya,100.0,RU,1665343697.0,66.0,51.1144,40.73,54.82,7.72
294,broome,100.0,US,1665343697.0,61.0,42.2506,-75.833,59.7,14.97
295,junin,0.0,AR,1665343698.0,16.0,-34.5838,-60.9433,71.89,7.63
296,lompoc,40.0,US,1665343698.0,78.0,34.6391,-120.4579,71.74,5.75
297,labuhan,100.0,ID,1665343698.0,83.0,-6.8844,112.2051,79.59,3.67
298,college,100.0,US,1665343630.0,92.0,64.8569,-147.8028,35.58,13.8
299,boende,30.0,CD,1665343699.0,97.0,-0.2167,20.8667,71.33,1.43
300,vila do maio,46.0,CV,1665343699.0,74.0,15.1333,-23.2167,81.39,15.41
301,havre-saint-pierre,75.0,CA,1665343699.0,70.0,50.2334,-63.5986,44.96,10.36
302,aasiaat,100.0,GL,1665343700.0,67.0,68.7098,-52.8699,23.85,15.86
303,cape coast,30.0,GH,1665343700.0,88.0,5.1053,-1.2466,77.61,7.65
304,klaksvik,83.0,FO,1665343700.0,82.0,62.2266,-6.589,47.32,38.1
305,camacha,20.0,PT,1665343701.0,68.0,33.0833,-16.3333,67.42,10.36
306,tura,34.0,IN,1665343701.0,96.0,25.5198,90.2201,72.21,3.58
307,rantauprapat,100.0,ID,1665343701.0,98.0,2.1,99.8333,73.29,1.48
308,sheltozero,100.0,RU,1665343702.0,67.0,61.3667,35.3667,45.54,12.5
309,dingle,100.0,PH,1665343702.0,90.0,10.9995,122.6711,75.81,4.43
310,imeni poliny osipenko,7.0,RU,1665343703.0,85.0,52.4201,136.4853,30.51,3.13
311,coquimbo,40.0,CL,1665343703.0,72.0,-29.9533,-71.3436,60.53,14.97
312,camapua,100.0,BR,1665343703.0,80.0,-19.5314,-54.0439,73.72,7.94
313,nelson bay,85.0,AU,1665343704.0,97.0,-32.7167,152.15,57.0,5.01
314,seinajoki,0.0,FI,1665343704.0,90.0,62.7945,22.8282,44.89,5.75
315,hambantota,13.0,LK,1665343704.0,84.0,6.1241,81.1185,78.12,12.06
316,east london,56.0,ZA,1665343705.0,72.0,-33.0153,27.9116,67.68,5.3
317,harnosand,100.0,SE,1665343705.0,70.0,62.6323,17.9379,51.01,9.66
318,lexington,0.0,US,1665343126.0,31.0,37.9887,-84.4777,64.29,5.75
319,shevchenkove,100.0,UA,1665343705.0,70.0,49.6959,37.1735,59.13,4.59
320,jahangirpur,100.0,IN,1665343706.0,95.0,28.1833,77.7167,70.9,9.93
321,tasiilaq,100.0,GL,1665343706.0,91.0,65.6145,-37.6368,32.16,6.96
322,mount isa,0.0,AU,1665343707.0,32.0,-20.7333,139.5,65.97,6.91
323,pacific grove,100.0,US,1665343707.0,86.0,36.6177,-121.9166,68.81,6.91
324,cururupu,11.0,BR,1665343708.0,57.0,-1.8283,-44.8683,85.96,8.5
325,caravelas,0.0,BR,1665343713.0,64.0,-17.7125,-39.2481,80.71,10.22
326,kerema,100.0,PG,1665343713.0,88.0,-7.9631,145.7785,77.9,5.44
327,skegness,100.0,GB,1665343714.0,58.0,53.1436,0.3363,55.42,20.24
328,kulhudhuffushi,86.0,MV,1665343714.0,82.0,6.6221,73.07,80.38,14.07
329,chikmagalur,100.0,IN,1665343715.0,92.0,13.3167,75.7833,67.33,2.19
330,shakawe,0.0,BW,1665343715.0,15.0,-18.3667,21.85,74.55,6.58
331,maningrida,34.0,AU,1665343715.0,74.0,-12.0667,134.2667,78.12,7.23
332,vostok,100.0,RU,1665343716.0,78.0,46.4856,135.8833,35.67,4.07
333,soyo,1.0,AO,1665343716.0,86.0,-6.1349,12.3689,76.73,12.33
334,nauta,79.0,PE,1665343716.0,38.0,-4.5061,-73.5757,94.21,4.0
335,seoul,75.0,KR,1665343427.0,76.0,37.5683,126.9778,53.04,6.91
336,kopavogur,75.0,IS,1665343717.0,60.0,64.1123,-21.913,39.42,28.77
337,andros town,17.0,BS,1665343717.0,67.0,24.7,-77.7667,85.96,13.62
338,beidao,100.0,CN,1665343717.0,52.0,34.5686,105.8933,41.25,3.24
339,ngunguru,93.0,NZ,1665343718.0,71.0,-35.6167,174.5,58.64,11.39
340,djambala,100.0,CG,1665343718.0,82.0,-2.5447,14.7533,68.27,4.12
341,berlevag,75.0,NO,1665343718.0,81.0,70.8578,29.0864,44.6,26.46
342,muzhi,86.0,RU,1665343718.0,88.0,65.3667,64.6667,43.11,8.97
343,saquarema,100.0,BR,1665343719.0,85.0,-22.92,-42.5103,78.84,6.73
344,quepos,100.0,CR,1665343719.0,84.0,9.4236,-84.1652,77.23,6.91
345,las colinas,66.0,PA,1665343720.0,81.0,8.55,-80.0833,79.74,11.07
346,ringebu,100.0,NO,1665343720.0,92.0,61.5167,10.1667,42.24,9.46
347,tual,100.0,ID,1665343720.0,75.0,-5.6667,132.75,83.21,15.14
348,necochea,5.0,AR,1665343721.0,48.0,-38.5473,-58.7368,54.14,11.32
349,bubaque,73.0,GW,1665343721.0,73.0,11.2833,-15.8333,81.7,7.25
350,letterkenny,54.0,IE,1665343721.0,79.0,54.95,-7.7333,53.53,7.94
351,chapais,98.0,CA,1665343721.0,87.0,49.7834,-74.8492,37.18,11.97
352,chara,100.0,RU,1665343722.0,70.0,56.9064,118.2631,28.94,1.1
353,nara,93.0,JP,1665343645.0,96.0,34.6851,135.8049,64.71,6.98
354,grand-santi,97.0,GF,1665343722.0,48.0,4.25,-54.3833,89.44,1.68
355,kalianget,100.0,ID,1665343723.0,76.0,-7.05,113.9333,81.63,1.41
356,cockburn town,1.0,TC,1665343619.0,77.0,21.4612,-71.1419,82.44,16.44
357,oranjemund,95.0,,1665343723.0,83.0,-28.55,16.4333,60.01,9.4
358,san jose,20.0,US,1665343538.0,62.0,37.3394,-121.895,79.45,4.61
359,viedma,3.0,AR,1665343724.0,22.0,-40.8135,-62.9967,64.89,8.68
360,bashtanka,100.0,UA,1665343724.0,62.0,47.4072,32.4387,58.14,10.09
361,zhangye,100.0,CN,1665343724.0,22.0,38.9342,100.4517,41.5,3.2
362,rojhan,0.0,PK,1665343725.0,33.0,28.6868,69.9534,81.5,5.12
363,cayenne,69.0,GF,1665343725.0,74.0,4.9333,-52.3333,84.24,11.5
364,onega,55.0,RU,1665343725.0,84.0,63.9061,38.1404,42.96,12.24
365,sao gabriel da cachoeira,20.0,BR,1665343726.0,70.0,-0.1303,-67.0892,87.6,4.61
366,hami,0.0,CN,1665343726.0,18.0,42.8,93.45,53.4,3.31
367,laredo,75.0,US,1665343442.0,57.0,27.5064,-99.5075,82.69,0.0
368,isangel,37.0,VU,1665343727.0,80.0,-19.55,169.2667,75.42,17.65
369,solton,9.0,RU,1665343732.0,64.0,52.8429,86.4787,46.69,7.92
370,alofi,100.0,NU,1665343732.0,88.0,-19.0595,-169.9187,75.09,12.66
371,port lincoln,100.0,AU,1665343733.0,77.0,-34.7333,135.8667,55.56,15.41
372,kasempa,22.0,ZM,1665343733.0,27.0,-13.4584,25.8338,68.5,4.68
373,buin,0.0,CL,1665343733.0,19.0,-33.7333,-70.75,80.92,3.91
374,kodinsk,83.0,RU,1665343734.0,92.0,58.6881,99.1844,36.5,2.82
375,ostrovnoy,75.0,RU,1665343734.0,84.0,68.0531,39.5131,40.62,17.4
376,caucaia,75.0,BR,1665343734.0,80.0,-3.7361,-38.6531,82.35,17.27
377,lobatse,0.0,BW,1665343735.0,16.0,-25.2167,25.6667,75.22,2.46
378,el fuerte,0.0,MX,1665343735.0,29.0,26.4189,-108.6194,91.49,5.06
379,marzuq,3.0,YE,1665343735.0,58.0,14.4,46.4667,73.08,4.5
380,toora-khem,77.0,RU,1665343735.0,96.0,52.4675,96.11,21.02,1.07
381,bilaspur,67.0,IN,1665343736.0,93.0,22.0833,82.15,74.14,5.14
382,peniche,100.0,PT,1665343736.0,88.0,39.3558,-9.3811,64.29,4.85
383,uberlandia,20.0,BR,1665343737.0,50.0,-18.9186,-48.2772,81.61,12.66
384,vigrestad,98.0,NO,1665343737.0,83.0,58.5667,5.7,54.25,24.2
385,monrovia,13.0,LR,1665343737.0,85.0,6.3005,-10.7969,80.37,6.15
386,luau,0.0,AO,1665343738.0,22.0,-10.7073,22.2247,70.57,3.38
387,bonthe,81.0,SL,1665343738.0,85.0,7.5264,-12.505,78.26,5.44
388,madiun,100.0,ID,1665343739.0,87.0,-7.6298,111.5239,76.8,3.04
389,lasa,100.0,IT,1665343739.0,97.0,46.6166,10.7002,56.28,3.94
390,dongsheng,0.0,CN,1665343739.0,31.0,39.8161,109.9776,31.06,8.39
391,sechura,100.0,PE,1665343739.0,58.0,-5.5569,-80.8222,75.92,15.55
392,kamaishi,100.0,JP,1665343740.0,97.0,39.2667,141.8833,64.45,17.87
393,torbay,20.0,CA,1665343740.0,67.0,47.6666,-52.7314,57.58,14.97
394,port hedland,8.0,AU,1665343740.0,100.0,-20.3167,118.5667,68.05,9.22
395,barmer,85.0,IN,1665343741.0,33.0,25.75,71.3833,84.51,7.99
396,saint-augustin,100.0,CA,1665343741.0,58.0,51.226,-58.6502,45.46,14.63
397,alugan,99.0,PH,1665343742.0,86.0,12.2188,125.4808,79.14,6.87
398,sibut,93.0,CF,1665343742.0,94.0,5.718,19.0739,71.29,2.57
399,rio negrinho,98.0,BR,1665343742.0,64.0,-26.2544,-49.5183,58.95,6.49
400,coolum beach,100.0,AU,1665343743.0,96.0,-26.5333,153.1,66.11,17.34
401,bac ninh,100.0,VN,1665343743.0,64.0,21.1833,106.05,73.49,16.11
402,ketchikan,100.0,US,1665343743.0,94.0,55.3422,-131.6461,57.18,17.27
403,ballina,98.0,AU,1665343639.0,99.0,-28.8667,153.5667,59.02,12.06
404,kailua,100.0,US,1665343676.0,74.0,21.4022,-157.7394,82.9,1.01
405,satun,100.0,TH,1665343744.0,94.0,6.8333,100.0,73.4,1.95
406,guapore,100.0,BR,1665343744.0,80.0,-28.8456,-51.8903,53.71,1.97
407,kathu,100.0,TH,1665343744.0,87.0,7.9178,98.3332,83.75,4.38
408,maragogi,100.0,BR,1665343745.0,75.0,-9.0122,-35.2225,79.9,9.62
409,nepa nagar,100.0,IN,1665343745.0,86.0,21.4667,76.4,76.78,1.9
410,koumac,31.0,NC,1665343746.0,81.0,-20.5667,164.2833,73.56,4.45
411,yulara,6.0,AU,1665343746.0,25.0,-25.2406,130.9889,58.69,8.03
412,uyuni,0.0,BO,1665343746.0,7.0,-20.4597,-66.825,59.9,18.86
413,takoradi,23.0,GH,1665343747.0,88.0,4.8845,-1.7554,77.09,7.05
414,nome,100.0,US,1665343747.0,65.0,64.5011,-165.4064,32.07,4.61
415,qaqortoq,100.0,GL,1665343747.0,90.0,60.7167,-46.0333,34.56,17.87
416,ahuimanu,75.0,US,1665343748.0,67.0,21.4447,-157.8378,82.62,3.0
417,kloulklubed,99.0,PW,1665343748.0,61.0,7.0419,134.2556,84.43,7.02
418,whitehorse,100.0,CA,1665343753.0,56.0,60.7161,-135.0538,59.77,26.46
419,agde,40.0,FR,1665343754.0,95.0,43.3108,3.4758,66.94,6.91
420,castro-urdiales,100.0,ES,1665343754.0,84.0,43.3829,-3.2204,69.24,5.44
421,barras,26.0,BR,1665343738.0,14.0,-4.2444,-42.2944,104.81,9.53
422,indian head,0.0,US,1665343680.0,37.0,38.6001,-77.1622,68.16,10.36
423,santa maria,40.0,BR,1665343755.0,41.0,-29.6842,-53.8069,60.1,3.44
424,amapa,74.0,BR,1665343755.0,55.0,1.0,-52.0,87.42,10.22
425,alekseyevsk,100.0,RU,1665343756.0,79.0,57.8406,108.3492,34.77,5.82
426,lucapa,5.0,AO,1665343756.0,54.0,-8.4192,20.7447,70.54,2.68
427,cravo norte,100.0,CO,1665343756.0,67.0,6.3017,-70.2041,83.61,7.47
428,wad madani,39.0,SD,1665343757.0,55.0,14.4012,33.5199,84.4,11.99
429,plomarion,100.0,GR,1665343757.0,61.0,38.9767,26.3681,69.76,6.89
430,aksarka,100.0,RU,1665343757.0,92.0,66.5606,67.7975,42.98,13.44
431,bukama,4.0,CD,1665343758.0,19.0,-9.2,25.85,79.23,2.8
432,rongcheng,11.0,CN,1665343758.0,68.0,30.634,117.8517,48.52,1.32
433,aitape,99.0,PG,1665343758.0,86.0,-3.1374,142.3475,78.01,3.24
434,toyo,69.0,PH,1665343758.0,92.0,10.7333,125.0167,75.72,2.24
435,vikulovo,19.0,RU,1665343759.0,82.0,56.8167,70.6107,40.1,8.28
436,usogorsk,100.0,RU,1665343759.0,87.0,63.4106,48.6872,44.22,6.98
437,los llanos de aridane,75.0,ES,1665343759.0,83.0,28.6585,-17.9182,69.55,13.8
438,ulaangom,12.0,MN,1665343760.0,48.0,49.9811,92.0667,33.35,0.65
439,kahului,40.0,US,1665343760.0,75.0,20.8947,-156.47,84.22,5.75
440,ginda,19.0,IN,1665343760.0,85.0,30.6945,78.4932,57.22,2.39
441,kushima,32.0,JP,1665343761.0,88.0,31.4583,131.2333,68.85,8.5
442,lafiagi,48.0,NG,1665343761.0,87.0,8.8667,5.4167,75.09,4.36
443,arlit,6.0,NE,1665343761.0,12.0,18.7369,7.3853,91.24,16.26
444,zunyi,100.0,CN,1665343762.0,91.0,27.6867,106.9072,52.9,1.14
445,solnechnyy,27.0,RU,1665343762.0,91.0,50.7214,136.6319,32.38,3.0
446,ta khmau,40.0,KH,1665343763.0,89.0,11.4833,104.95,80.65,0.0
447,amarante do maranhao,71.0,BR,1665343763.0,45.0,-5.5667,-46.7422,89.74,10.69
448,santa cruz,40.0,BO,1665343493.0,26.0,-17.8,-63.1667,80.65,17.27
449,filadelfia,0.0,US,1665343625.0,38.0,39.9523,-75.1638,65.75,14.97
450,santa vitoria do palmar,98.0,BR,1665343606.0,51.0,-33.5189,-53.3681,57.33,9.33
451,broken hill,24.0,AU,1665343764.0,45.0,-31.95,141.4333,51.39,7.63
452,hofn,100.0,IS,1665343721.0,69.0,64.2539,-15.2082,40.71,34.63
453,bairnsdale,2.0,AU,1665343764.0,95.0,-37.8333,147.6167,39.06,4.88
454,danbury,0.0,US,1665343180.0,49.0,41.3948,-73.454,64.51,10.36
455,barvinkove,100.0,UA,1665343765.0,70.0,48.9097,37.0205,60.89,2.46
456,grand gaube,89.0,MU,1665343765.0,70.0,-20.0064,57.6608,72.37,7.0
457,olafsvik,75.0,IS,1665343766.0,71.0,64.8945,-23.7142,37.63,27.0
458,nhulunbuy,91.0,AU,1665343766.0,94.0,-12.2333,136.7667,77.61,5.75
459,gewane,62.0,ET,1665343766.0,31.0,10.1664,40.6453,89.26,9.78
460,iskateley,100.0,RU,1665343767.0,81.0,67.6803,53.1512,43.66,15.64
461,lampang,100.0,TH,1665343767.0,97.0,18.3333,99.5,73.13,2.04
462,lagos,100.0,NG,1665343767.0,84.0,6.5833,3.75,79.12,1.88
463,gambela,100.0,ET,1665343768.0,91.0,8.25,34.5833,71.19,2.42
464,san policarpo,98.0,PH,1665343773.0,86.0,12.1791,125.5072,79.18,7.23
465,taft,0.0,IR,1665343773.0,18.0,31.7471,54.2088,62.55,4.61
466,haines junction,100.0,CA,1665343773.0,81.0,60.7522,-137.5108,49.95,9.22
467,ambanja,100.0,MG,1665343774.0,72.0,-13.6833,48.45,75.2,1.19
468,samarai,24.0,PG,1665343774.0,79.0,-10.6167,150.6667,81.07,10.2
469,massaguet,22.0,TD,1665343774.0,22.0,12.4755,15.4365,91.6,5.97
470,saint-georges,75.0,GD,1665343775.0,83.0,12.0564,-61.7485,82.08,9.22
471,dunedin,100.0,NZ,1665343775.0,73.0,-45.8742,170.5036,49.41,5.21
472,nehe,10.0,CN,1665343775.0,57.0,48.4833,124.8333,29.25,9.57
473,agadir,4.0,MA,1665343708.0,75.0,30.4202,-9.5982,72.05,2.39
474,gamba,78.0,GA,1665343776.0,89.0,-2.65,10.0,76.86,6.58
475,dallas,40.0,US,1665343510.0,43.0,32.7668,-96.7836,83.71,3.0
476,pecos,0.0,US,1665343682.0,53.0,31.4229,-103.4932,72.86,3.44
477,ossora,100.0,RU,1665343776.0,65.0,59.2353,163.0719,34.66,6.69
478,charlestown,91.0,AU,1665343710.0,94.0,-32.95,151.6667,52.68,1.01
479,vila velha,0.0,BR,1665343777.0,69.0,-20.3297,-40.2925,82.35,17.27
480,sept-iles,100.0,CA,1665343508.0,90.0,50.2001,-66.3821,43.23,13.8
481,brandon,100.0,US,1665343579.0,69.0,27.9378,-82.2859,89.2,8.05
482,galeana,91.0,MX,1665343777.0,74.0,24.8333,-100.0667,61.72,7.02
483,tete,0.0,MZ,1665343778.0,31.0,-16.1564,33.5867,89.69,8.05
484,kota bahru,20.0,MY,1665343778.0,94.0,6.1333,102.2386,75.15,2.3
485,longyearbyen,75.0,SJ,1665343778.0,75.0,78.2186,15.6401,37.24,18.41
486,gweta,0.0,BW,1665343779.0,11.0,-20.1833,25.2333,76.32,4.25
487,kaka,0.0,TM,1665343779.0,21.0,37.3482,59.6143,63.57,7.07
488,sedan,8.0,FR,1665343779.0,81.0,49.6667,5.0,48.16,5.5
489,nioki,24.0,CD,1665343779.0,90.0,-2.7167,17.6833,71.78,1.81
490,wenceslau braz,100.0,BR,1665343780.0,56.0,-23.8739,-49.8028,77.31,2.37
491,mayo,0.0,US,1665343780.0,41.0,38.8876,-76.5119,66.07,5.75
492,nizhniy kuranakh,100.0,RU,1665343781.0,93.0,58.8353,125.4869,29.39,9.78
493,chor,1.0,PK,1665343781.0,25.0,25.5167,69.7667,88.99,8.52
494,amazar,100.0,RU,1665343782.0,72.0,53.858,120.875,28.38,3.44
495,weiser,0.0,US,1665343782.0,35.0,44.251,-116.9693,73.31,0.81
496,brus laguna,100.0,HN,1665343782.0,95.0,15.75,-84.4833,78.75,5.97
497,vila,100.0,PT,1665343782.0,88.0,42.0304,-8.1588,52.7,3.91
498,kuusamo,0.0,FI,1665343762.0,87.0,65.9667,29.1833,37.44,9.22
499,port augusta,100.0,AU,1665343783.0,48.0,-32.5,137.7667,52.16,3.27
500,dehui,100.0,CN,1665343783.0,93.0,44.5333,125.7,45.28,14.94
501,nemuro,100.0,JP,1665343784.0,71.0,43.3236,145.575,56.75,22.19
502,bani walid,0.0,LY,1665343784.0,43.0,31.7566,13.9942,75.04,12.41
503,menongue,82.0,AO,1665343784.0,20.0,-14.6585,17.691,71.35,5.35
504,nurota,0.0,UZ,1665343785.0,33.0,40.5614,65.6886,52.5,11.16
505,fukue,100.0,JP,1665343785.0,71.0,32.6881,128.8419,66.25,27.2
506,opuwo,5.0,,1665343785.0,14.0,-18.0607,13.84,79.07,2.59
507,bichena,66.0,ET,1665343786.0,76.0,10.45,38.2,54.46,1.43
508,zhuanghe,91.0,CN,1665343786.0,60.0,39.7008,122.9911,41.7,18.34
509,kamenka,100.0,RU,1665343786.0,67.0,51.3223,42.7678,53.17,8.55
510,grindavik,75.0,IS,1665343792.0,70.0,63.8424,-22.4338,39.67,24.16
511,carutapera,29.0,BR,1665343792.0,84.0,-1.195,-46.02,80.64,9.26
512,muhos,6.0,FI,1665343792.0,92.0,64.808,25.9931,42.89,7.52
513,paamiut,100.0,GL,1665343793.0,93.0,61.994,-49.6678,38.1,21.5
514,margate,100.0,GB,1665343756.0,77.0,51.3813,1.3862,60.91,5.01
515,werota,5.0,ET,1665343793.0,84.0,11.9167,37.7,60.57,2.51
516,luganville,9.0,VU,1665343793.0,83.0,-15.5333,167.1667,77.83,6.73
517,dongning,100.0,CN,1665343794.0,83.0,44.0622,131.1207,42.67,6.87
518,ullapool,69.0,GB,1665343794.0,76.0,57.8987,-5.1604,51.35,16.24
519,bandarbeyla,81.0,SO,1665343523.0,88.0,9.4942,50.8122,77.52,13.24
520,fare,4.0,PF,1665343794.0,74.0,-16.7,-151.0167,78.31,17.22
521,stolin,13.0,BY,1665343795.0,81.0,51.8912,26.846,45.95,6.53
522,pacasmayo,68.0,PE,1665343795.0,71.0,-7.4006,-79.5714,68.7,13.29
523,swan hill,6.0,AU,1665343795.0,85.0,-35.3378,143.5544,41.02,4.21
524,panama,87.0,PA,1665343611.0,66.0,9.0,-80.0,83.66,9.17
525,tshikapa,45.0,CD,1665343796.0,66.0,-6.4167,20.8,74.53,0.58
526,merauke,100.0,ID,1665343796.0,89.0,-8.4667,140.3333,78.51,10.31
527,aswan,0.0,EG,1665343796.0,27.0,24.0934,32.907,82.42,17.54
528,ponca city,0.0,US,1665343672.0,47.0,36.707,-97.0856,78.94,12.66
529,bay roberts,0.0,CA,1665343797.0,67.0,47.5999,-53.2648,58.33,8.01
530,tula,100.0,RU,1665343797.0,86.0,54.2044,37.6111,53.6,5.35
531,redlands,20.0,US,1665343787.0,42.0,34.0556,-117.1825,91.11,4.61
532,cristobal obregon,100.0,MX,1665343798.0,75.0,16.35,-93.5333,76.95,9.06
533,saint anthony,75.0,US,1665343798.0,41.0,45.0205,-93.218,69.66,3.44
534,nabire,100.0,ID,1665343798.0,95.0,-3.3667,135.4833,75.2,3.96
535,charters towers,1.0,AU,1665343799.0,90.0,-20.1,146.2667,67.14,7.0
536,katherine,79.0,AU,1665343799.0,73.0,-14.4667,132.2667,75.52,4.61
537,san felipe,100.0,VE,1665343799.0,81.0,10.3399,-68.7425,78.1,4.68
538,port antonio,27.0,JM,1665343800.0,68.0,18.18,-76.4612,91.0,12.57
539,norsup,25.0,VU,1665343800.0,84.0,-16.0667,167.3833,77.88,11.3
540,rochegda,8.0,RU,1665343800.0,88.0,62.8,43.25,41.54,6.17
541,aripuana,77.0,BR,1665343801.0,33.0,-9.1667,-60.6333,95.5,2.93
542,lotoshino,100.0,RU,1665343801.0,94.0,56.2267,35.6414,45.75,5.88
543,mikkeli,0.0,FI,1665343801.0,87.0,61.6886,27.2723,41.11,4.61
544,dinga,0.0,PK,1665343801.0,63.0,32.6398,73.722,74.05,5.66
545,krasnyy chikoy,9.0,RU,1665343802.0,58.0,50.3643,108.7512,26.38,3.38
546,saint-francois,0.0,FR,1665343802.0,94.0,46.4154,3.9054,53.67,3.44
547,haimen,100.0,CN,1665343803.0,66.0,23.1935,116.6142,69.69,15.97
548,marfino,100.0,RU,1665343803.0,86.0,55.7028,37.3822,51.1,6.71
549,twentynine palms,0.0,US,1665343803.0,30.0,34.1356,-116.0542,88.05,7.4
550,kirkenes,0.0,NO,1665343804.0,70.0,69.7271,30.0458,44.82,20.71
551,macas,40.0,EC,1665343804.0,42.0,-2.3167,-78.1167,85.75,3.44
552,chancay,76.0,PE,1665343804.0,76.0,-11.5714,-77.2672,64.85,9.26
553,tabuk,10.0,PH,1665343805.0,91.0,17.4189,121.4443,71.02,2.91
554,taree,94.0,AU,1665343805.0,85.0,-31.9,152.4667,54.1,1.9
555,kingman,0.0,US,1665343547.0,36.0,35.1894,-114.053,80.19,5.99
556,mikhaylovka,100.0,RU,1665343805.0,63.0,50.06,43.2379,53.78,9.78
557,havelock,0.0,US,1665343582.0,52.0,34.8791,-76.9013,71.58,6.91
558,southbridge,18.0,US,1665343811.0,54.0,42.0751,-72.0334,62.37,5.01
559,yerbogachen,98.0,RU,1665343811.0,92.0,61.2767,108.0108,35.53,9.75
560,mehamn,75.0,NO,1665343812.0,81.0,71.0357,27.8492,44.55,20.71
561,tarancon,8.0,ES,1665343812.0,41.0,40.0085,-3.0073,65.77,1.81
562,kutum,93.0,SD,1665343813.0,22.0,14.2,24.6667,79.05,7.92
563,bambanglipuro,31.0,ID,1665343813.0,90.0,-7.95,110.2833,76.15,1.34
564,surt,0.0,LY,1665343814.0,62.0,31.2089,16.5887,74.07,10.83
